,kanal 1,kanal 2,kanal 3,kanal 4,kanal 5,kanal 6
count,5940.000000,5940.000000,5940.000000,5940.000000,5940.000000,5940.000000
mean,284.543722,250.574919,160.555300,484.055722,91.977291,208.928593
std,3292.136274,3155.058720,2645.104746,3953.514316,1673.071474,3054.466780
min,0.000341,0.000247,0.000536,0.000503,0.002096,0.000757
25%,0.001319,0.000708,0.001485,0.001304,0.002643,0.001596
50%,0.001917,0.001166,0.001984,0.001756,0.003014,0.002104
75%,0.002505,0.001804,0.002314,0.002554,0.003510,0.002927
max,70018.676745,91180.736726,93337.789703,73838.779377,48370.199210,151778.650121
